{
    "mean": [
        2.009764686264701,
        0.0011433852665953465,
        0.0007943499653670821,
        0.019451817031839548,
        -0.015590420078082194,
        677215.6231391798,
        0.0011409959712284602,
        0.0012492736202209399,
        0.29098275886244923,
        0.0010224940759458341,
        0.0703922818773219,
        0.0008067976161364194,
        0.07073679243357679,
        0.0005917337754905029,
        0.07193138505680723,
        0.0003780952160504224,
        0.07297434585880123,
        0.0008390355168379147,
        0.19077475132690197,
        0.0010398326604164371,
        0.0581673345793738,
        0.001258765153022231,
        0.05909815410619018,
        0.0014780868759086431,
        0.05979974883187303,
        0.001695305505488639,
        0.0619563433928654
    ],
    "scale": [
        1.4107093000804685,
        0.026736798709450622,
        0.012176323836279928,
        0.022215842320447796,
        0.01916649816963257,
        1668868.9223776693,
        0.0267353711427023,
        0.026217289599879387,
        4.404106262676801,
        0.026176965515565625,
        0.2021448258105307,
        0.026146546172065476,
        0.1782561542929874,
        0.026123764947811108,
        0.17935151762368354,
        0.02610188650047775,
        0.1849379710572468,
        0.025883696668997588,
        2.8496867625785325,
        0.02580459280925319,
        0.22174529298659904,
        0.025782971978396726,
        0.23487942996068847,
        0.025764761835686895,
        0.2643621187916647,
        0.025747135131459636,
        0.33313429852772364
    ],
    "columns": [
        "sym",
        "n_close",
        "n_open",
        "n_high",
        "n_low",
        "amount_delta",
        "n_midprice",
        "n_bid1",
        "n_bsize1",
        "n_bid2",
        "n_bsize2",
        "n_bid3",
        "n_bsize3",
        "n_bid4",
        "n_bsize4",
        "n_bid5",
        "n_bsize5",
        "n_ask1",
        "n_asize1",
        "n_ask2",
        "n_asize2",
        "n_ask3",
        "n_asize3",
        "n_ask4",
        "n_asize4",
        "n_ask5",
        "n_asize5"
    ]
}